codepoint,emoji,semantic_name,usage_count,sample_file,sample_line,art_status
U+1FA99,🪙,coin,118,lib/core/widgets/coin_countup_chip.dart,48,in-review
U+02705,✅,white_heavy_check_mark,54,lib/features/admin/admin_dashboard_screen.dart,4609,in-review
U+1F389,🎉,party_popper,51,lib/core/widgets/ramadan_countdown.dart,65,in-review
U+1F3C6,🏆,trophy,30,lib/core/providers/achievement_provider.dart,58,in-review
U+0274C,❌,cross_mark,28,lib/features/anagram/anagram_screen.dart,256,in-review
U+1F525,🔥,fire,26,lib/core/models/quiz_difficulty.dart,25,in-review
U+1F4A1,💡,electric_light_bulb,26,lib/core/widgets/lifeline_bar.dart,133,in-review
U+1F522,🔢,input_symbol_for_numbers,24,lib/core/agents/learning_path.dart,46,in-review
U+1F9E0,🧠,brain,24,lib/core/agents/learning_path.dart,47,in-review
U+1F30D,🌍,earth_globe_europe_africa,21,lib/core/agents/learning_path.dart,54,in-review
U+1F4D6,📖,open_book,21,lib/core/data/madrasati_data.dart,1533,in-review
U+1F3AF,🎯,direct_hit,19,lib/core/providers/achievement_provider.dart,73,in-review
U+026A1,⚡,high_voltage_sign,16,lib/core/data/madrasati_data.dart,8118,in-review
U+1F680,🚀,rocket,16,lib/core/logic/did_you_know.dart,67,in-review
U+02713,✓,check_mark,15,lib/core/data/madrasati_data.dart,7605,in-review
U+1F4DA,📚,books,14,lib/core/data/madrasati_data.dart,22,in-review
U+1F54C,🕌,mosque,13,lib/core/data/madrasati_data.dart,765,in-review
U+1F622,😢,crying_face,13,lib/features/battleship/battleship_screen.dart,286,in-review
U+1F52C,🔬,microscope,12,lib/core/agents/learning_path.dart,45,in-review
U+02764,❤,heavy_black_heart,12,lib/features/balloon_pop/balloon_pop_screen.dart,206,in-review
U+1F31F,🌟,glowing_star,11,lib/core/providers/achievement_provider.dart,98,in-review
U+1F989,🦉,owl,11,lib/core/providers/family_profiles_provider.dart,61,in-review
U+1F4A5,💥,collision_symbol,11,lib/features/asteroid_dodge/asteroid_dodge_screen.dart,108,in-review
U+1F98A,🦊,fox_face,9,lib/core/logic/did_you_know.dart,87,in-review
U+1F91D,🤝,handshake,9,lib/core/providers/achievement_provider.dart,149,in-review
U+1F9E9,🧩,jigsaw_puzzle_piece,9,lib/features/home/activity_catalog.dart,449,in-review
U+1F916,🤖,robot_face,8,lib/core/widgets/onboarding_overlay.dart,201,in-review
U+02728,✨,sparkles,8,lib/features/achievements/presentation/screens/trophy_room_screen.dart,260,in-review
U+1F3F7,🏷,label,7,lib/core/agents/learning_path.dart,48,in-review
U+1F4D0,📐,triangular_ruler,7,lib/core/data/madrasati_data.dart,7106,in-review
U+1F319,🌙,crescent_moon,7,lib/core/logic/did_you_know.dart,27,in-review
U+1F451,👑,crown,7,lib/core/providers/achievement_provider.dart,139,in-review
U+1F310,🌐,globe_with_meridians,7,lib/core/router/app_router.dart,1534,in-review
U+1F4AA,💪,flexed_biceps,7,lib/features/capitals/presentation/widgets/game_over_overlay.dart,9,in-review
U+02797,➗,heavy_division_sign,7,lib/features/home/activity_catalog.dart,540,in-review
U+1F3B4,🎴,flower_playing_cards,7,lib/features/home/activity_catalog.dart,841,in-review
U+1F9CA,🧊,ice_cube,7,lib/features/home/activity_catalog.dart,887,in-review
U+1F381,🎁,wrapped_present,7,lib/features/home/activity_catalog.dart,1302,in-review
U+1F468,👨,man,7,lib/features/home/activity_catalog.dart,1335,in-review
U+1F504,🔄,anticlockwise_downwards_and_upwards_open,7,lib/features/home/home_screen.dart,644,in-review
U+1F6A9,🚩,triangular_flag_on_post,6,lib/core/agents/learning_path.dart,44,in-review
U+1F393,🎓,graduation_cap,6,lib/core/data/madrasati_data.dart,46,in-review
U+1F34E,🍎,red_apple,6,lib/core/widgets/onboarding_overlay.dart,202,in-review
U+1F3C5,🏅,sports_medal,6,lib/features/achievements/presentation/screens/certificate_screen.dart,204,in-review
U+1F50A,🔊,speaker_with_three_sound_waves,6,lib/features/admin/admin_assets.dart,43,in-review
U+1F524,🔤,input_symbol_for_latin_letters,6,lib/features/admin/admin_assets.dart,45,in-review
U+02600,☀,black_sun_with_rays,6,lib/features/athkar/athkar_screen.dart,62,in-review
U+1F4A3,💣,bomb,6,lib/features/balloon_pop/balloon_pop_screen.dart,36,in-review
U+1F43C,🐼,panda_face,6,lib/features/find_twin/find_twin_screen.dart,30,in-review
U+1F984,🦄,unicorn_face,6,lib/features/find_twin/find_twin_screen.dart,44,in-review
U+1F3B2,🎲,game_die,6,lib/features/home/activity_catalog.dart,313,in-review
U+1F4CA,📊,bar_chart,5,lib/core/data/madrasati_data.dart,8025,in-review
U+026BD,⚽,soccer_ball,5,lib/core/widgets/onboarding_overlay.dart,197,in-review
U+1F388,🎈,balloon,5,lib/features/balloon_pop/balloon_pop_screen.dart,36,in-review
U+1F469,👩,woman,5,lib/features/home/activity_catalog.dart,1335,in-review
U+1F467,👧,girl,5,lib/features/home/activity_catalog.dart,1335,in-review
U+1F432,🐲,dragon_face,5,lib/features/iq/presentation/screens/brain_boost_daily_screen.dart,248,in-review
U+1F33F,🌿,herb,4,lib/core/agents/encouragement.dart,17,in-review
U+1F3DB,🏛,classical_building,4,lib/core/agents/learning_path.dart,43,in-review
U+1F535,🔵,large_blue_circle,4,lib/core/data/madrasati_data.dart,5325,in-review
U+02697,⚗,alembic,4,lib/core/data/madrasati_data.dart,7207,in-review
U+1F308,🌈,rainbow,4,lib/core/providers/achievement_provider.dart,124,in-review
U+1F9D9,🧙,mage,4,lib/core/providers/outfits_provider.dart,46,in-review
U+1F4E6,📦,package,4,lib/features/admin/admin_assets.dart,49,in-review
U+1F615,😕,confused_face,4,lib/features/capitals/presentation/screens/capitals_quiz_screen.dart,986,in-review
U+1F30F,🌏,earth_globe_asia_australia,4,lib/features/capitals/presentation/screens/capitals_screen.dart,39,in-review
U+1F3F3,🏳,waving_white_flag,4,lib/features/daily_challenge/presentation/daily_challenge_screen.dart,357,in-review
U+1F3C0,🏀,basketball_and_hoop,4,lib/features/find_twin/find_twin_screen.dart,64,in-review
U+1F9AB,🦫,beaver,4,lib/features/home/activity_catalog.dart,997,in-review
U+1F338,🌸,cherry_blossom,4,lib/features/memory_match/memory_match_screen.dart,41,in-review
U+1F331,🌱,seedling,3,lib/core/data/madrasati_data.dart,13,in-review
U+1F9EA,🧪,test_tube,3,lib/core/data/madrasati_data.dart,4668,in-review
U+1F3A8,🎨,artist_palette,3,lib/core/data/madrasati_data.dart,5207,in-review
U+1F98B,🦋,butterfly,3,lib/core/logic/did_you_know.dart,62,in-review
U+1F50D,🔍,left_pointing_magnifying_glass,3,lib/core/providers/achievement_provider.dart,68,in-review
U+1F409,🐉,dragon,3,lib/core/providers/achievement_provider.dart,144,in-review
U+1F947,🥇,first_place_medal,3,lib/core/providers/outfits_provider.dart,60,in-review
U+1F9ED,🧭,compass,3,lib/core/router/app_router.dart,441,in-review
U+1F4DC,📜,scroll,3,lib/features/achievements/presentation/screens/certificate_screen.dart,109,in-review
U+1F3B5,🎵,musical_note,3,lib/features/beat_tap/beat_tap_screen.dart,307,in-review
U+1F3B3,🎳,bowling,3,lib/features/bowling/bowling_screen.dart,271,in-review
U+1F552,🕒,clock_face_three_oclock,3,lib/features/clock_read/clock_read_screen.dart,244,in-review
U+1F380,🎀,ribbon,3,lib/features/color_mix/color_mix_screen.dart,417,in-review
U+1F414,🐔,chicken,3,lib/features/crossy_lane/crossy_lane_screen.dart,262,in-review
U+026AA,⚪,medium_white_circle,3,lib/features/cup_shuffle/cup_shuffle_screen.dart,168,in-review
U+1F40D,🐍,snake,3,lib/features/find_twin/find_twin_screen.dart,48,in-review
U+1FAA2,🪢,knot,3,lib/features/hangman/hangman_screen.dart,425,in-review
U+02699,⚙,gear,3,lib/features/home/activity_catalog.dart,77,in-review
U+1F6E1,🛡,shield,3,lib/features/home/activity_catalog.dart,269,in-review
U+02716,✖,heavy_multiplication_x,3,lib/features/home/activity_catalog.dart,506,in-review
U+1F7EA,🟪,large_purple_square,3,lib/features/home/activity_catalog.dart,786,in-review
U+1F7E1,🟡,large_yellow_circle,3,lib/features/home/activity_catalog.dart,852,in-review
U+026AB,⚫,medium_black_circle,3,lib/features/home/activity_catalog.dart,1153,in-review
U+1F7E6,🟦,large_blue_square,3,lib/features/home/activity_catalog.dart,1164,in-review
U+1F3EB,🏫,school,3,lib/features/home/activity_catalog.dart,1277,in-review
U+1F4F1,📱,mobile_phone,3,lib/features/legal/install_guide_screen.dart,54,in-review
U+1F4C5,📅,calendar,3,lib/features/parent/presentation/parent_screen.dart,740,in-review
U+1F466,👦,boy,3,lib/features/parent/presentation/parent_screen.dart,784,in-review
U+02603,☃,snowman,3,lib/l10n/app_localizations.dart,674,in-review
U+1F4BB,💻,personal_computer,2,lib/core/data/madrasati_data.dart,3846,in-review
U+1F41D,🐝,honeybee,2,lib/core/logic/did_you_know.dart,22,in-review
U+1F992,🦒,giraffe_face,2,lib/core/logic/did_you_know.dart,32,in-review
U+1F419,🐙,octopus,2,lib/core/logic/did_you_know.dart,42,in-review
U+1F422,🐢,turtle,2,lib/core/logic/did_you_know.dart,72,in-review
U+1F30B,🌋,volcano,2,lib/core/logic/did_you_know.dart,97,in-review
U+1F427,🐧,penguin,2,lib/core/logic/did_you_know.dart,112,in-review
U+1F5FA,🗺,world_map,2,lib/core/providers/achievement_provider.dart,63,in-review
U+1F9EE,🧮,abacus,2,lib/core/providers/achievement_provider.dart,109,in-review
U+1F624,😤,face_with_look_of_triumph,2,lib/core/providers/mood_provider.dart,23,in-review
U+1F41E,🐞,lady_beetle,2,lib/core/widgets/error_boundary.dart,48,in-review
U+1F333,🌳,deciduous_tree,2,lib/core/widgets/onboarding_overlay.dart,200,in-review
U+02604,☄,comet,2,lib/features/asteroid_dodge/asteroid_dodge_screen.dart,233,in-review
U+1F479,👹,japanese_ogre,2,lib/features/boss/presentation/boss_screen.dart,164,in-review
U+1F30E,🌎,earth_globe_americas,2,lib/features/capitals/presentation/screens/capitals_screen.dart,41,in-review
U+1F964,🥤,cup_with_straw,2,lib/features/cup_shuffle/cup_shuffle_screen.dart,162,in-review
U+1F436,🐶,dog_face,2,lib/features/find_twin/find_twin_screen.dart,23,in-review
U+1F431,🐱,cat_face,2,lib/features/find_twin/find_twin_screen.dart,24,in-review
U+1F43B,🐻,bear_face,2,lib/features/find_twin/find_twin_screen.dart,29,in-review
U+1F428,🐨,koala,2,lib/features/find_twin/find_twin_screen.dart,31,in-review
U+1F42F,🐯,tiger_face,2,lib/features/find_twin/find_twin_screen.dart,32,in-review
U+1F981,🦁,lion_face,2,lib/features/find_twin/find_twin_screen.dart,33,in-review
U+1F437,🐷,pig_face,2,lib/features/find_twin/find_twin_screen.dart,35,in-review
U+1F438,🐸,frog_face,2,lib/features/find_twin/find_twin_screen.dart,36,in-review
U+1F435,🐵,monkey_face,2,lib/features/find_twin/find_twin_screen.dart,37,in-review
U+1F34C,🍌,banana,2,lib/features/find_twin/find_twin_screen.dart,54,in-review
U+1F347,🍇,grapes,2,lib/features/find_twin/find_twin_screen.dart,55,in-review
U+1F349,🍉,watermelon,2,lib/features/find_twin/find_twin_screen.dart,56,in-review
U+1F34A,🍊,tangerine,2,lib/features/find_twin/find_twin_screen.dart,57,in-review
U+1F34B,🍋,lemon,2,lib/features/find_twin/find_twin_screen.dart,58,in-review
U+1F353,🍓,strawberry,2,lib/features/find_twin/find_twin_screen.dart,59,in-review
U+1F351,🍑,peach,2,lib/features/find_twin/find_twin_screen.dart,61,in-review
U+1F170,🅰,negative_squared_latin_capital_letter_a,2,lib/features/home/activity_catalog.dart,393,in-review
U+1F4C8,📈,chart_with_upwards_trend,2,lib/features/home/activity_catalog.dart,753,in-review
U+1F998,🦘,kangaroo,2,lib/features/home/activity_catalog.dart,1019,in-review
U+1F48E,💎,gem_stone,2,lib/features/home/activity_catalog.dart,1096,in-review
U+1F6D2,🛒,shopping_trolley,2,lib/features/home/activity_catalog.dart,1291,in-review
U+1F464,👤,bust_in_silhouette,2,lib/features/home/activity_catalog.dart,1368,in-review
U+1F31E,🌞,sun_with_face,2,lib/features/home/home_screen.dart,526,in-review
U+1F44B,👋,waving_hand_sign,2,lib/features/home/home_screen.dart,527,in-review
U+1F948,🥈,second_place_medal,2,lib/features/leaderboard/presentation/leaderboard_screen.dart,133,in-review
U+1F949,🥉,third_place_medal,2,lib/features/leaderboard/presentation/leaderboard_screen.dart,133,in-review
U+1F512,🔒,lock,2,lib/features/legal/about_screen.dart,113,in-review
U+02601,☁,cloud,2,lib/features/legal/about_screen.dart,121,in-review
U+1F5A8,🖨,printer,2,lib/features/parent/presentation/parent_screen.dart,748,in-review
U+1F4DD,📝,memo,2,lib/features/parent/presentation/parent_screen.dart,773,in-review
U+1F335,🌵,cactus,2,lib/features/tap_jump/tap_jump_screen.dart,29,in-review
U+1FAA8,🪨,rock,2,lib/features/tap_jump/tap_jump_screen.dart,29,in-review
U+02717,✗,ballot_x,2,lib/features/true_false/presentation/true_false_screen.dart,280,in-review
U+1F1EC,🇬,regional_indicator_symbol_letter_g,1,lib/core/data/madrasati_data.dart,2275,in-review
U+1F1E7,🇧,regional_indicator_symbol_letter_b,1,lib/core/data/madrasati_data.dart,2275,in-review
U+1F30A,🌊,water_wave,1,lib/core/logic/did_you_know.dart,17,in-review
U+1F3DC,🏜,desert,1,lib/core/logic/did_you_know.dart,57,in-review
U+1F3EF,🏯,japanese_castle,1,lib/core/logic/did_you_know.dart,77,in-review
U+1F4A7,💧,droplet,1,lib/core/logic/did_you_know.dart,82,in-review
U+1F985,🦅,eagle,1,lib/core/logic/did_you_know.dart,102,in-review
U+1F30C,🌌,milky_way,1,lib/core/logic/did_you_know.dart,107,in-review
U+1F604,😄,smiling_face_with_open_mouth_and_smiling,1,lib/core/providers/mood_provider.dart,15,in-review
U+1F642,🙂,slightly_smiling_face,1,lib/core/providers/mood_provider.dart,17,in-review
U+1F610,😐,neutral_face,1,lib/core/providers/mood_provider.dart,19,in-review
U+1F614,😔,pensive_face,1,lib/core/providers/mood_provider.dart,21,in-review
U+1F9B8,🦸,superhero,1,lib/core/providers/outfits_provider.dart,39,in-review
U+1F913,🤓,nerd_face,1,lib/core/providers/outfits_provider.dart,53,in-review
U+02615,☕,hot_beverage,1,lib/core/widgets/break_reminder.dart,97,in-review
U+1F38A,🎊,confetti_ball,1,lib/core/widgets/celebration_overlay.dart,181,in-review
U+1F43E,🐾,paw_prints,1,lib/core/widgets/onboarding_overlay.dart,195,in-review
U+1F3FA,🏺,amphora,1,lib/core/widgets/onboarding_overlay.dart,199,in-review
U+1F411,🐑,sheep,1,lib/core/widgets/ramadan_countdown.dart,68,in-review
U+1F5BC,🖼,frame_with_picture,1,lib/features/admin/admin_assets.dart,41,in-review
U+1F39E,🎞,film_frames,1,lib/features/admin/admin_assets.dart,47,in-review
U+1F4C4,📄,page_facing_up,1,lib/features/admin/admin_assets.dart,51,in-review
U+1F4CE,📎,paperclip,1,lib/features/admin/admin_assets.dart,53,in-review
U+02753,❓,black_question_mark_ornament,1,lib/features/admin/admin_feedback.dart,46,in-review
U+1F4E8,📨,incoming_envelope,1,lib/features/admin/admin_feedback.dart,50,in-review
U+1F480,💀,skull,1,lib/features/boss/presentation/boss_screen.dart,429,in-review
U+1F44D,👍,thumbs_up_sign,1,lib/features/capitals/presentation/widgets/victory_overlay.dart,246,in-review
U+1F697,🚗,automobile,1,lib/features/crossy_lane/crossy_lane_screen.dart,247,in-review
U+1F944,🥄,spoon,1,lib/features/cup_shuffle/cup_shuffle_screen.dart,162,in-review
U+1F49B,💛,yellow_heart,1,lib/features/favorites/presentation/favorites_screen.dart,60,in-review
U+1F42D,🐭,mouse_face,1,lib/features/find_twin/find_twin_screen.dart,25,in-review
U+1F439,🐹,hamster_face,1,lib/features/find_twin/find_twin_screen.dart,26,in-review
U+1F430,🐰,rabbit_face,1,lib/features/find_twin/find_twin_screen.dart,27,in-review
U+1F42E,🐮,cow_face,1,lib/features/find_twin/find_twin_screen.dart,34,in-review
U+1F426,🐦,bird,1,lib/features/find_twin/find_twin_screen.dart,40,in-review
U+1F424,🐤,baby_chick,1,lib/features/find_twin/find_twin_screen.dart,41,in-review
U+1F43A,🐺,wolf_face,1,lib/features/find_twin/find_twin_screen.dart,43,in-review
U+1F996,🦖,t_rex,1,lib/features/find_twin/find_twin_screen.dart,49,in-review
U+1F980,🦀,crab,1,lib/features/find_twin/find_twin_screen.dart,51,in-review
U+1F420,🐠,tropical_fish,1,lib/features/find_twin/find_twin_screen.dart,52,in-review
U+1F352,🍒,cherries,1,lib/features/find_twin/find_twin_screen.dart,60,in-review
U+1F34D,🍍,pineapple,1,lib/features/find_twin/find_twin_screen.dart,62,in-review
U+1F3C8,🏈,american_football,1,lib/features/find_twin/find_twin_screen.dart,65,in-review
U+026BE,⚾,baseball,1,lib/features/find_twin/find_twin_screen.dart,66,in-review
U+1F3BE,🎾,tennis_racquet_and_ball,1,lib/features/find_twin/find_twin_screen.dart,67,in-review
U+1F3D0,🏐,volleyball,1,lib/features/find_twin/find_twin_screen.dart,68,in-review
U+1F3B1,🎱,billiards,1,lib/features/find_twin/find_twin_screen.dart,69,in-review
U+1F95D,🥝,kiwifruit,1,lib/features/fruit_catcher/fruit_catcher_screen.dart,38,in-review
U+1F9C5,🧅,onion,1,lib/features/fruit_catcher/fruit_catcher_screen.dart,39,in-review
U+1F336,🌶,hot_pepper,1,lib/features/fruit_catcher/fruit_catcher_screen.dart,39,in-review
U+1F9FA,🧺,basket,1,lib/features/fruit_catcher/fruit_catcher_screen.dart,247,in-review
U+02660,♠,black_spade_suit,1,lib/features/higher_lower/higher_lower_screen.dart,22,in-review
U+02665,♥,black_heart_suit,1,lib/features/higher_lower/higher_lower_screen.dart,22,in-review
U+02666,♦,black_diamond_suit,1,lib/features/higher_lower/higher_lower_screen.dart,22,in-review
U+02663,♣,black_club_suit,1,lib/features/higher_lower/higher_lower_screen.dart,22,in-review
U+1F5C2,🗂,card_index_dividers,1,lib/features/home/activity_catalog.dart,347,in-review
U+1F523,🔣,input_symbol_for_symbols,1,lib/features/home/activity_catalog.dart,416,in-review
U+1FA84,🪄,magic_wand,1,lib/features/home/activity_catalog.dart,427,in-review
U+1F521,🔡,input_symbol_for_latin_small_letters,1,lib/features/home/activity_catalog.dart,438,in-review
U+1F18E,🆎,negative_squared_ab,1,lib/features/home/activity_catalog.dart,460,in-review
U+02795,➕,heavy_plus_sign,1,lib/features/home/activity_catalog.dart,518,in-review
U+1F967,🥧,pie,1,lib/features/home/activity_catalog.dart,573,in-review
U+02696,⚖,scales,1,lib/features/home/activity_catalog.dart,584,in-review
U+1F7F0,🟰,heavy_equals_sign,1,lib/features/home/activity_catalog.dart,595,in-review
U+1F51F,🔟,keycap_ten,1,lib/features/home/activity_catalog.dart,628,in-review
U+1F51D,🔝,top_with_upwards_arrow_above,1,lib/features/home/activity_catalog.dart,661,in-review
U+1F5FC,🗼,tokyo_tower,1,lib/features/home/activity_catalog.dart,686,in-review
U+1F0CF,🃏,playing_card_black_joker,1,lib/features/home/activity_catalog.dart,719,in-review
U+1F441,👁,eye,1,lib/features/home/activity_catalog.dart,731,in-review
U+1F46F,👯,woman_with_bunny_ears,1,lib/features/home/activity_catalog.dart,764,in-review
U+1F537,🔷,large_blue_diamond,1,lib/features/home/activity_catalog.dart,797,in-review
U+1F300,🌀,cyclone,1,lib/features/home/activity_catalog.dart,808,in-review
U+1F197,🆗,squared_ok,1,lib/features/home/activity_catalog.dart,863,in-review
U+1F9F1,🧱,brick,1,lib/features/home/activity_catalog.dart,898,in-review
U+1F3D3,🏓,table_tennis_paddle_and_ball,1,lib/features/home/activity_catalog.dart,909,in-review
U+1FAE7,🫧,bubbles,1,lib/features/home/activity_catalog.dart,942,in-review
U+1F7E5,🟥,large_red_square,1,lib/features/home/activity_catalog.dart,1008,in-review
U+1F309,🌉,bridge_at_night,1,lib/features/home/activity_catalog.dart,1052,in-review
U+1F3D7,🏗,building_construction,1,lib/features/home/activity_catalog.dart,1063,in-review
U+1F534,🔴,large_red_circle,1,lib/features/home/activity_catalog.dart,1142,in-review
U+1F6A2,🚢,ship,1,lib/features/home/activity_catalog.dart,1175,in-review
U+1F4FF,📿,prayer_beads,1,lib/features/home/activity_catalog.dart,1222,in-review
U+1F932,🤲,palms_up_together,1,lib/features/home/activity_catalog.dart,1244,in-review
U+1FAD9,🫙,jar,1,lib/features/home/activity_catalog.dart,1255,in-review
U+1F9FF,🧿,nazar_amulet,1,lib/features/home/activity_catalog.dart,1266,in-review
U+1F46A,👪,family,1,lib/features/home/activity_catalog.dart,1357,in-review
U+1F507,🔇,speaker_with_cancellation_stroke,1,lib/features/home/home_screen.dart,375,in-review
U+1F558,🕘,clock_face_nine_oclock,1,lib/features/home/home_screen.dart,869,in-review
U+1F9CD,🧍,standing_person,1,lib/features/hoop_shot/hoop_shot_screen.dart,264,in-review
U+1F9D2,🧒,child,1,lib/features/legal/about_screen.dart,97,in-review
U+1F6E0,🛠,hammer_and_wrench,1,lib/features/legal/about_screen.dart,129,in-review
U+1F1F0,🇰,regional_indicator_symbol_letter_k,1,lib/features/legal/about_screen.dart,137,in-review
U+1F1FC,🇼,regional_indicator_symbol_letter_w,1,lib/features/legal/about_screen.dart,137,in-review
U+1F327,🌧,cloud_with_rain,1,lib/features/lemonade_stand/lemonade_stand_screen.dart,97,in-review
U+1F975,🥵,overheated_face,1,lib/features/lemonade_stand/lemonade_stand_screen.dart,99,in-review
U+1F536,🔶,large_orange_diamond,1,lib/features/match_three/match_three_screen.dart,24,in-review
U+1F7E2,🟢,large_green_circle,1,lib/features/match_three/match_three_screen.dart,24,in-review
U+1F7E3,🟣,large_purple_circle,1,lib/features/match_three/match_three_screen.dart,24,in-review
U+1F42C,🐬,dolphin,1,lib/features/memory_match/memory_match_screen.dart,37,in-review
U+1F433,🐳,spouting_whale,1,lib/features/memory_match/memory_match_screen.dart,38,in-review
U+1F382,🎂,birthday_cake,1,lib/features/onboarding/presentation/welcome_screen.dart,370,in-review
U+1F945,🥅,goal_net,1,lib/features/penalty_shootout/penalty_shootout_screen.dart,59,in-review
U+1F9E4,🧤,gloves,1,lib/features/penalty_shootout/penalty_shootout_screen.dart,75,in-review
U+0269B,⚛,atom_symbol,1,lib/features/sciences/presentation/screens/sciences_screen.dart,33,in-review
U+1F9EC,🧬,dna_double_helix,1,lib/features/sciences/presentation/screens/sciences_screen.dart,34,in-review
U+1FA90,🪐,ringed_planet,1,lib/features/sciences/presentation/screens/sciences_screen.dart,35,in-review
U+02695,⚕,staff_of_aesculapius,1,lib/features/sciences/presentation/screens/sciences_screen.dart,36,in-review
U+1F9B4,🦴,bone,1,lib/features/sciences/presentation/screens/sciences_screen.dart,39,in-review
U+1F9A4,🦤,dodo,1,lib/features/sciences/presentation/screens/sciences_screen.dart,41,in-review
U+02744,❄,snowflake,1,lib/features/shop/presentation/shop_screen.dart,284,in-review
U+0270F,✏,pencil,1,lib/features/smart_quiz/smart_quiz_screen.dart,63,in-review
U+1F9D1,🧑,adult,1,lib/features/sokoban/sokoban_screen.dart,185,in-review
U+1F4CB,📋,clipboard,1,lib/features/stats/presentation/stats_screen.dart,94,in-review
U+1F3AE,🎮,video_game,1,lib/features/stats/presentation/stats_screen.dart,119,in-review
U+1F93A,🤺,fencer,1,lib/features/stick_hero/stick_hero_screen.dart,279,in-review
U+1F44F,👏,clapping_hands_sign,1,lib/features/times_tables/times_tables_screen.dart,261,in-review
